INSERT INTO hotel_chains (chain_id, name, office_address, num_hotels, email, phone) VALUES (1, 'Royal Inn Group', '516 Maurice Causeway Suite 392, Brownbury, OK 87383', 8, 'frank57@hotmail.com', '+1-918-901-9268');
INSERT INTO hotel_chains (chain_id, name, office_address, num_hotels, email, phone) VALUES (2, 'BlueWave Hotels', '64527 Vanessa Fork, Russellton, WI 48668', 8, 'ybradford@yahoo.com', '(071)218-6474');
INSERT INTO hotel_chains (chain_id, name, office_address, num_hotels, email, phone) VALUES (3, 'Urban Retreats', '04632 Melissa Prairie, Lake Staceychester, RI 63026', 8, 'zmedina@garza.net', '001-140-591-4834');
INSERT INTO hotel_chains (chain_id, name, office_address, num_hotels, email, phone) VALUES (4, 'MountainView Lodging', '5497 Stewart Brook, Adamland, TX 84375', 8, 'zmurray@wade.com', '001-556-150-3876x2303');
INSERT INTO hotel_chains (chain_id, name, office_address, num_hotels, email, phone) VALUES (5, 'Sunshine Stays', '218 Brandt Village Suite 195, Port Sean, AL 22766', 8, 'daniel45@yahoo.com', '601.613.7927');
INSERT INTO hotels (hotel_id, chain_id, name, stars, address, contact_email, contact_phone, manager_id) VALUES (1, 1, 'Royal Hotel Crystalville', 5, 'Waterfront', 'taylortammy@williams.biz', '+1-045-154-5246x968', 19);
INSERT INTO hotels (hotel_id, chain_id, name, stars, address, contact_email, contact_phone, manager_id) VALUES (2, 1, 'Royal Hotel Andersenland', 4, 'Airport Zone', 'rodgersmarcus@guerra.com', '(824)352-8058', 13);
INSERT INTO hotels (hotel_id, chain_id, name, stars, address, contact_email, contact_phone, manager_id) VALUES (3, 1, 'Royal Hotel Kellyburgh', 4, 'Old Town', 'russellsharon@arias.com', '001-386-974-3876x84936', 6);
INSERT INTO hotels (hotel_id, chain_id, name, stars, address, contact_email, contact_phone, manager_id) VALUES (4, 1, 'Royal Hotel Christophermouth', 4, 'Airport Zone', 'xwaters@collins.net', '208-684-6083x0509', 14);
INSERT INTO hotels (hotel_id, chain_id, name, stars, address, contact_email, contact_phone, manager_id) VALUES (5, 1, 'Royal Hotel Ellisberg', 5, 'Waterfront', 'imurphy@eaton.com', '561.005.7021x4708', 14);
INSERT INTO hotels (hotel_id, chain_id, name, stars, address, contact_email, contact_phone, manager_id) VALUES (6, 1, 'Royal Hotel North Joseph', 4, 'Old Town', 'wendy25@ortiz.org', '(356)721-7541x468', 17);
INSERT INTO hotels (hotel_id, chain_id, name, stars, address, contact_email, contact_phone, manager_id) VALUES (7, 1, 'Royal Hotel Webbshire', 4, 'Waterfront', 'morgankaren@adams.biz', '301-372-9657x79203', 2);
INSERT INTO hotels (hotel_id, chain_id, name, stars, address, contact_email, contact_phone, manager_id) VALUES (8, 1, 'Royal Hotel Santiagoton', 5, 'Airport Zone', 'catherine27@hansen.info', '8348269329', 5);
INSERT INTO hotels (hotel_id, chain_id, name, stars, address, contact_email, contact_phone, manager_id) VALUES (9, 2, 'BlueWave Hotel West Jodyview', 3, 'Old Town', 'djohnson@terry.net', '218-331-9042x478', 18);
INSERT INTO hotels (hotel_id, chain_id, name, stars, address, contact_email, contact_phone, manager_id) VALUES (10, 2, 'BlueWave Hotel Edwardburgh', 5, 'University District', 'yhall@lopez-griffin.com', '5587029110', 20);
INSERT INTO hotels (hotel_id, chain_id, name, stars, address, contact_email, contact_phone, manager_id) VALUES (11, 2, 'BlueWave Hotel New Gregoryside', 3, 'University District', 'shiggins@henderson.com', '061-978-6324', 14);
INSERT INTO hotels (hotel_id, chain_id, name, stars, address, contact_email, contact_phone, manager_id) VALUES (12, 2, 'BlueWave Hotel East Christina', 3, 'Waterfront', 'wcruz@robinson-george.com', '656-847-2770', 15);
INSERT INTO hotels (hotel_id, chain_id, name, stars, address, contact_email, contact_phone, manager_id) VALUES (13, 2, 'BlueWave Hotel Dillonmouth', 4, 'Old Town', 'jesseparker@oliver-dean.com', '001-113-646-0903x473', 2);
INSERT INTO hotels (hotel_id, chain_id, name, stars, address, contact_email, contact_phone, manager_id) VALUES (14, 2, 'BlueWave Hotel Deanfurt', 3, 'University District', 'johnny71@olsen.biz', '122-952-9507', 20);
INSERT INTO hotels (hotel_id, chain_id, name, stars, address, contact_email, contact_phone, manager_id) VALUES (15, 2, 'BlueWave Hotel Boydtown', 3, 'University District', 'fhinton@brewer.net', '7481301995', 20);
INSERT INTO hotels (hotel_id, chain_id, name, stars, address, contact_email, contact_phone, manager_id) VALUES (16, 2, 'BlueWave Hotel New Kimberlymouth', 3, 'Waterfront', 'alejandro93@carson-randall.com', '+1-376-541-6251x2764', 7);
INSERT INTO hotels (hotel_id, chain_id, name, stars, address, contact_email, contact_phone, manager_id) VALUES (17, 3, 'Urban Hotel Teresaton', 5, 'Waterfront', 'brownbrandy@moon.org', '351.217.4078x4903', 12);
INSERT INTO hotels (hotel_id, chain_id, name, stars, address, contact_email, contact_phone, manager_id) VALUES (18, 3, 'Urban Hotel Gibsonview', 5, 'University District', 'lloydglenn@morales.com', '272.940.3988', 16);
INSERT INTO hotels (hotel_id, chain_id, name, stars, address, contact_email, contact_phone, manager_id) VALUES (19, 3, 'Urban Hotel Thomasville', 4, 'Old Town', 'robertrichardson@navarro.com', '001-183-528-2394x706', 19);
INSERT INTO hotels (hotel_id, chain_id, name, stars, address, contact_email, contact_phone, manager_id) VALUES (20, 3, 'Urban Hotel Galvanport', 5, 'Waterfront', 'holly22@frank.net', '818.513.7528x7480', 1);
INSERT INTO hotels (hotel_id, chain_id, name, stars, address, contact_email, contact_phone, manager_id) VALUES (21, 3, 'Urban Hotel Danielmouth', 5, 'Waterfront', 'keithbrown@meyer.com', '+1-255-944-8786x64417', 18);
INSERT INTO hotels (hotel_id, chain_id, name, stars, address, contact_email, contact_phone, manager_id) VALUES (22, 3, 'Urban Hotel Port Susan', 5, 'Waterfront', 'trogers@soto.biz', '(782)548-5556x23240', 5);
INSERT INTO hotels (hotel_id, chain_id, name, stars, address, contact_email, contact_phone, manager_id) VALUES (23, 3, 'Urban Hotel East Abigailmouth', 5, 'University District', 'james39@le.com', '(453)155-0129x77211', 1);
INSERT INTO hotels (hotel_id, chain_id, name, stars, address, contact_email, contact_phone, manager_id) VALUES (24, 3, 'Urban Hotel South Sara', 4, 'University District', 'tyler58@french.org', '864-179-8322x700', 16);
INSERT INTO hotels (hotel_id, chain_id, name, stars, address, contact_email, contact_phone, manager_id) VALUES (25, 4, 'MountainView Hotel East Jeffrey', 5, 'Downtown', 'alimadison@floyd-copeland.info', '001-969-659-8182x92300', 16);
INSERT INTO hotels (hotel_id, chain_id, name, stars, address, contact_email, contact_phone, manager_id) VALUES (26, 4, 'MountainView Hotel North Sergioborough', 4, 'Old Town', 'spenceramy@rice.info', '420.555.0942', 11);
INSERT INTO hotels (hotel_id, chain_id, name, stars, address, contact_email, contact_phone, manager_id) VALUES (27, 4, 'MountainView Hotel North Sarahstad', 3, 'Downtown', 'jasmine50@myers.com', '001-860-815-6397x857', 6);
INSERT INTO hotels (hotel_id, chain_id, name, stars, address, contact_email, contact_phone, manager_id) VALUES (28, 4, 'MountainView Hotel South Valerie', 5, 'Waterfront', 'kurtvaldez@keller.com', '645-018-0489x018', 6);
INSERT INTO hotels (hotel_id, chain_id, name, stars, address, contact_email, contact_phone, manager_id) VALUES (29, 4, 'MountainView Hotel Port Todd', 4, 'Waterfront', 'nmoon@gross-bond.net', '(822)839-1172', 7);
INSERT INTO hotels (hotel_id, chain_id, name, stars, address, contact_email, contact_phone, manager_id) VALUES (30, 4, 'MountainView Hotel Murphyside', 5, 'Waterfront', 'melissafox@torres.com', '110.499.0730', 16);
INSERT INTO hotels (hotel_id, chain_id, name, stars, address, contact_email, contact_phone, manager_id) VALUES (31, 4, 'MountainView Hotel West Michaelborough', 3, 'Old Town', 'richardsgary@olson.org', '(165)188-4113', 4);
INSERT INTO hotels (hotel_id, chain_id, name, stars, address, contact_email, contact_phone, manager_id) VALUES (32, 4, 'MountainView Hotel Williamchester', 3, 'Old Town', 'wernerlaura@young.com', '+1-504-483-0307', 13);
INSERT INTO hotels (hotel_id, chain_id, name, stars, address, contact_email, contact_phone, manager_id) VALUES (33, 5, 'Sunshine Hotel Port Tammy', 3, 'University District', 'solisamber@olson-wise.com', '001-783-616-2825x86809', 13);
INSERT INTO hotels (hotel_id, chain_id, name, stars, address, contact_email, contact_phone, manager_id) VALUES (34, 5, 'Sunshine Hotel East Patriciatown', 3, 'Downtown', 'vanessa30@soto.com', '653-109-3406x3782', 18);
INSERT INTO hotels (hotel_id, chain_id, name, stars, address, contact_email, contact_phone, manager_id) VALUES (35, 5, 'Sunshine Hotel New Kevin', 4, 'Downtown', 'jameshaas@rodriguez-white.com', '194-955-8313', 5);
INSERT INTO hotels (hotel_id, chain_id, name, stars, address, contact_email, contact_phone, manager_id) VALUES (36, 5, 'Sunshine Hotel Adambury', 3, 'Downtown', 'kimberlyward@rodriguez-lewis.com', '0962405836', 20);
INSERT INTO hotels (hotel_id, chain_id, name, stars, address, contact_email, contact_phone, manager_id) VALUES (37, 5, 'Sunshine Hotel Glendaborough', 5, 'Waterfront', 'erika07@green-lewis.org', '(741)259-0037', 6);
INSERT INTO hotels (hotel_id, chain_id, name, stars, address, contact_email, contact_phone, manager_id) VALUES (38, 5, 'Sunshine Hotel North Tonya', 4, 'University District', 'robertpotter@keith.biz', '686.446.4315x552', 16);
INSERT INTO hotels (hotel_id, chain_id, name, stars, address, contact_email, contact_phone, manager_id) VALUES (39, 5, 'Sunshine Hotel Paulshire', 3, 'Waterfront', 'courtneybrown@daniels-miller.com', '001-606-825-5005x238', 16);
INSERT INTO hotels (hotel_id, chain_id, name, stars, address, contact_email, contact_phone, manager_id) VALUES (40, 5, 'Sunshine Hotel Melendezland', 3, 'Waterfront', 'matthew28@dennis.com', '101.371.3262x2333', 19);
INSERT INTO rooms (room_id, hotel_id, price, amenities, capacity, sea_view, extendable, damages, room_number, image_url) VALUES (1, 1, 216, ARRAY['Safe', 'Mini Bar', 'Balcony'], 2, false, false, '', '459', '/uploads/sample_room_1.jpg');
INSERT INTO rooms (room_id, hotel_id, price, amenities, capacity, sea_view, extendable, damages, room_number, image_url) VALUES (2, 1, 81, ARRAY['Balcony', 'TV', 'Safe'], 3, true, false, '', '476', '/uploads/sample_room_10.jpg');
INSERT INTO rooms (room_id, hotel_id, price, amenities, capacity, sea_view, extendable, damages, room_number, image_url) VALUES (3, 1, 140, ARRAY['Safe', 'Mini Bar', 'Balcony'], 4, false, false, '', '474', '/uploads/sample_room_9.jpg');
INSERT INTO rooms (room_id, hotel_id, price, amenities, capacity, sea_view, extendable, damages, room_number, image_url) VALUES (4, 1, 172, ARRAY['Air Conditioning', 'Balcony', 'WiFi'], 6, true, false, '', '543', '/uploads/sample_room_4.jpg');
INSERT INTO rooms (room_id, hotel_id, price, amenities, capacity, sea_view, extendable, damages, room_number, image_url) VALUES (5, 1, 110, ARRAY['Balcony', 'Air Conditioning', 'TV'], 3, false, false, '', '710', '/uploads/sample_room_2.jpg');
INSERT INTO rooms (room_id, hotel_id, price, amenities, capacity, sea_view, extendable, damages, room_number, image_url) VALUES (6, 2, 171, ARRAY['Balcony', 'Safe', 'Air Conditioning'], 1, true, true, '', '455', '/uploads/sample_room_5.jpg');
INSERT INTO rooms (room_id, hotel_id, price, amenities, capacity, sea_view, extendable, damages, room_number, image_url) VALUES (7, 2, 288, ARRAY['WiFi', 'Balcony', 'Safe'], 6, false, true, '', '693', '/uploads/sample_room_3.jpg');
INSERT INTO rooms (room_id, hotel_id, price, amenities, capacity, sea_view, extendable, damages, room_number, image_url) VALUES (8, 2, 263, ARRAY['WiFi', 'Balcony', 'Safe'], 2, true, true, '', '789', '/uploads/sample_room_2.jpg');
INSERT INTO rooms (room_id, hotel_id, price, amenities, capacity, sea_view, extendable, damages, room_number, image_url) VALUES (9, 2, 242, ARRAY['TV', 'Safe', 'WiFi'], 6, false, true, '', '370', '/uploads/sample_room_8.jpg');
INSERT INTO rooms (room_id, hotel_id, price, amenities, capacity, sea_view, extendable, damages, room_number, image_url) VALUES (10, 2, 217, ARRAY['TV', 'Mini Bar', 'Safe'], 4, true, true, '', '590', '/uploads/sample_room_1.jpg');
INSERT INTO rooms (room_id, hotel_id, price, amenities, capacity, sea_view, extendable, damages, room_number, image_url) VALUES (11, 3, 162, ARRAY['Mini Bar', 'Air Conditioning', 'Balcony'], 1, true, true, '', '762', '/uploads/sample_room_7.jpg');
INSERT INTO rooms (room_id, hotel_id, price, amenities, capacity, sea_view, extendable, damages, room_number, image_url) VALUES (12, 3, 158, ARRAY['Air Conditioning', 'Safe', 'Mini Bar'], 1, true, false, '', '438', '/uploads/sample_room_5.jpg');
INSERT INTO rooms (room_id, hotel_id, price, amenities, capacity, sea_view, extendable, damages, room_number, image_url) VALUES (13, 3, 142, ARRAY['Balcony', 'Safe', 'Mini Bar'], 6, false, true, '', '222', '/uploads/sample_room_1.jpg');
INSERT INTO rooms (room_id, hotel_id, price, amenities, capacity, sea_view, extendable, damages, room_number, image_url) VALUES (14, 3, 165, ARRAY['Safe', 'WiFi', 'TV'], 3, true, true, '', '961', '/uploads/sample_room_10.jpg');
INSERT INTO rooms (room_id, hotel_id, price, amenities, capacity, sea_view, extendable, damages, room_number, image_url) VALUES (15, 3, 106, ARRAY['WiFi', 'Safe', 'Air Conditioning'], 1, false, true, '', '933', '/uploads/sample_room_5.jpg');
INSERT INTO rooms (room_id, hotel_id, price, amenities, capacity, sea_view, extendable, damages, room_number, image_url) VALUES (16, 4, 97, ARRAY['Safe', 'Balcony', 'TV'], 4, false, true, '', '123', '/uploads/sample_room_3.jpg');
INSERT INTO rooms (room_id, hotel_id, price, amenities, capacity, sea_view, extendable, damages, room_number, image_url) VALUES (17, 4, 113, ARRAY['Safe', 'Air Conditioning', 'WiFi'], 2, false, true, '', '290', '/uploads/sample_room_2.jpg');
INSERT INTO rooms (room_id, hotel_id, price, amenities, capacity, sea_view, extendable, damages, room_number, image_url) VALUES (18, 4, 105, ARRAY['Balcony', 'WiFi', 'Mini Bar'], 4, false, false, '', '195', '/uploads/sample_room_1.jpg');
INSERT INTO rooms (room_id, hotel_id, price, amenities, capacity, sea_view, extendable, damages, room_number, image_url) VALUES (19, 4, 251, ARRAY['Safe', 'Mini Bar', 'Air Conditioning'], 3, false, true, '', '465', '/uploads/sample_room_8.jpg');
INSERT INTO rooms (room_id, hotel_id, price, amenities, capacity, sea_view, extendable, damages, room_number, image_url) VALUES (20, 4, 138, ARRAY['Safe', 'Air Conditioning', 'WiFi'], 6, false, true, '', '485', '/uploads/sample_room_5.jpg');
INSERT INTO rooms (room_id, hotel_id, price, amenities, capacity, sea_view, extendable, damages, room_number, image_url) VALUES (21, 5, 251, ARRAY['Mini Bar', 'Balcony', 'TV'], 3, true, false, '', '734', '/uploads/sample_room_5.jpg');
INSERT INTO rooms (room_id, hotel_id, price, amenities, capacity, sea_view, extendable, damages, room_number, image_url) VALUES (22, 5, 178, ARRAY['Air Conditioning', 'TV', 'Safe'], 1, true, false, '', '576', '/uploads/sample_room_6.jpg');
INSERT INTO rooms (room_id, hotel_id, price, amenities, capacity, sea_view, extendable, damages, room_number, image_url) VALUES (23, 5, 119, ARRAY['WiFi', 'TV', 'Air Conditioning'], 6, false, false, '', '136', '/uploads/sample_room_3.jpg');
INSERT INTO rooms (room_id, hotel_id, price, amenities, capacity, sea_view, extendable, damages, room_number, image_url) VALUES (24, 5, 113, ARRAY['WiFi', 'TV', 'Air Conditioning'], 6, true, true, '', '661', '/uploads/sample_room_3.jpg');
INSERT INTO rooms (room_id, hotel_id, price, amenities, capacity, sea_view, extendable, damages, room_number, image_url) VALUES (25, 5, 292, ARRAY['Air Conditioning', 'TV', 'WiFi'], 1, true, false, '', '376', '/uploads/sample_room_8.jpg');
INSERT INTO rooms (room_id, hotel_id, price, amenities, capacity, sea_view, extendable, damages, room_number, image_url) VALUES (26, 6, 175, ARRAY['Balcony', 'Safe', 'Air Conditioning'], 6, false, false, '', '940', '/uploads/sample_room_7.jpg');
INSERT INTO rooms (room_id, hotel_id, price, amenities, capacity, sea_view, extendable, damages, room_number, image_url) VALUES (27, 6, 291, ARRAY['Safe', 'TV', 'Balcony'], 1, true, true, '', '546', '/uploads/sample_room_9.jpg');
INSERT INTO rooms (room_id, hotel_id, price, amenities, capacity, sea_view, extendable, damages, room_number, image_url) VALUES (28, 6, 258, ARRAY['Safe', 'Balcony', 'TV'], 6, false, false, '', '252', '/uploads/sample_room_8.jpg');
INSERT INTO rooms (room_id, hotel_id, price, amenities, capacity, sea_view, extendable, damages, room_number, image_url) VALUES (29, 6, 283, ARRAY['Safe', 'WiFi', 'Mini Bar'], 2, true, false, '', '742', '/uploads/sample_room_2.jpg');
INSERT INTO rooms (room_id, hotel_id, price, amenities, capacity, sea_view, extendable, damages, room_number, image_url) VALUES (30, 6, 278, ARRAY['Mini Bar', 'Safe', 'WiFi'], 1, true, false, '', '489', '/uploads/sample_room_2.jpg');
INSERT INTO rooms (room_id, hotel_id, price, amenities, capacity, sea_view, extendable, damages, room_number, image_url) VALUES (31, 7, 205, ARRAY['Safe', 'Balcony', 'Mini Bar'], 3, false, false, '', '346', '/uploads/sample_room_4.jpg');
INSERT INTO rooms (room_id, hotel_id, price, amenities, capacity, sea_view, extendable, damages, room_number, image_url) VALUES (32, 7, 285, ARRAY['Safe', 'Air Conditioning', 'WiFi'], 2, true, true, '', '586', '/uploads/sample_room_10.jpg');
INSERT INTO rooms (room_id, hotel_id, price, amenities, capacity, sea_view, extendable, damages, room_number, image_url) VALUES (33, 7, 263, ARRAY['Balcony', 'WiFi', 'TV'], 2, false, true, '', '406', '/uploads/sample_room_8.jpg');
INSERT INTO rooms (room_id, hotel_id, price, amenities, capacity, sea_view, extendable, damages, room_number, image_url) VALUES (34, 7, 116, ARRAY['Safe', 'Air Conditioning', 'Balcony'], 3, false, true, '', '101', '/uploads/sample_room_6.jpg');
INSERT INTO rooms (room_id, hotel_id, price, amenities, capacity, sea_view, extendable, damages, room_number, image_url) VALUES (35, 7, 171, ARRAY['Air Conditioning', 'Safe', 'Mini Bar'], 6, false, false, '', '828', '/uploads/sample_room_8.jpg');
INSERT INTO rooms (room_id, hotel_id, price, amenities, capacity, sea_view, extendable, damages, room_number, image_url) VALUES (36, 8, 136, ARRAY['Safe', 'Air Conditioning', 'TV'], 6, true, true, '', '435', '/uploads/sample_room_8.jpg');
INSERT INTO rooms (room_id, hotel_id, price, amenities, capacity, sea_view, extendable, damages, room_number, image_url) VALUES (37, 8, 172, ARRAY['WiFi', 'Balcony', 'Air Conditioning'], 2, true, false, '', '966', '/uploads/sample_room_9.jpg');
INSERT INTO rooms (room_id, hotel_id, price, amenities, capacity, sea_view, extendable, damages, room_number, image_url) VALUES (38, 8, 113, ARRAY['Mini Bar', 'Balcony', 'WiFi'], 6, true, true, '', '349', '/uploads/sample_room_4.jpg');
INSERT INTO rooms (room_id, hotel_id, price, amenities, capacity, sea_view, extendable, damages, room_number, image_url) VALUES (39, 8, 222, ARRAY['TV', 'Mini Bar', 'Balcony'], 6, false, false, '', '579', '/uploads/sample_room_9.jpg');
INSERT INTO rooms (room_id, hotel_id, price, amenities, capacity, sea_view, extendable, damages, room_number, image_url) VALUES (40, 8, 204, ARRAY['Balcony', 'Air Conditioning', 'Mini Bar'], 3, false, false, '', '496', '/uploads/sample_room_10.jpg');
INSERT INTO rooms (room_id, hotel_id, price, amenities, capacity, sea_view, extendable, damages, room_number, image_url) VALUES (41, 9, 270, ARRAY['WiFi', 'TV', 'Safe'], 2, false, true, '', '197', '/uploads/sample_room_1.jpg');
INSERT INTO rooms (room_id, hotel_id, price, amenities, capacity, sea_view, extendable, damages, room_number, image_url) VALUES (42, 9, 188, ARRAY['WiFi', 'Mini Bar', 'TV'], 3, false, true, '', '208', '/uploads/sample_room_5.jpg');
INSERT INTO rooms (room_id, hotel_id, price, amenities, capacity, sea_view, extendable, damages, room_number, image_url) VALUES (43, 9, 165, ARRAY['Air Conditioning', 'Mini Bar', 'Balcony'], 1, true, true, '', '884', '/uploads/sample_room_9.jpg');
INSERT INTO rooms (room_id, hotel_id, price, amenities, capacity, sea_view, extendable, damages, room_number, image_url) VALUES (44, 9, 87, ARRAY['WiFi', 'Safe', 'Air Conditioning'], 6, true, true, '', '197', '/uploads/sample_room_10.jpg');
INSERT INTO rooms (room_id, hotel_id, price, amenities, capacity, sea_view, extendable, damages, room_number, image_url) VALUES (45, 9, 216, ARRAY['Air Conditioning', 'TV', 'Mini Bar'], 6, true, false, '', '787', '/uploads/sample_room_8.jpg');
INSERT INTO rooms (room_id, hotel_id, price, amenities, capacity, sea_view, extendable, damages, room_number, image_url) VALUES (46, 10, 148, ARRAY['Mini Bar', 'Balcony', 'TV'], 6, false, false, '', '217', '/uploads/sample_room_8.jpg');
INSERT INTO rooms (room_id, hotel_id, price, amenities, capacity, sea_view, extendable, damages, room_number, image_url) VALUES (47, 10, 167, ARRAY['Balcony', 'Safe', 'WiFi'], 4, false, false, '', '913', '/uploads/sample_room_7.jpg');
INSERT INTO rooms (room_id, hotel_id, price, amenities, capacity, sea_view, extendable, damages, room_number, image_url) VALUES (48, 10, 131, ARRAY['TV', 'WiFi', 'Mini Bar'], 2, false, false, '', '920', '/uploads/sample_room_4.jpg');
INSERT INTO rooms (room_id, hotel_id, price, amenities, capacity, sea_view, extendable, damages, room_number, image_url) VALUES (49, 10, 277, ARRAY['Safe', 'Balcony', 'TV'], 6, true, true, '', '896', '/uploads/sample_room_9.jpg');
INSERT INTO rooms (room_id, hotel_id, price, amenities, capacity, sea_view, extendable, damages, room_number, image_url) VALUES (50, 10, 138, ARRAY['Safe', 'Mini Bar', 'WiFi'], 4, true, false, '', '882', '/uploads/sample_room_6.jpg');
INSERT INTO rooms (room_id, hotel_id, price, amenities, capacity, sea_view, extendable, damages, room_number, image_url) VALUES (51, 11, 97, ARRAY['Safe', 'Mini Bar', 'Air Conditioning'], 2, false, true, '', '321', '/uploads/sample_room_10.jpg');
INSERT INTO rooms (room_id, hotel_id, price, amenities, capacity, sea_view, extendable, damages, room_number, image_url) VALUES (52, 11, 260, ARRAY['WiFi', 'Safe', 'Balcony'], 6, true, false, '', '760', '/uploads/sample_room_2.jpg');
INSERT INTO rooms (room_id, hotel_id, price, amenities, capacity, sea_view, extendable, damages, room_number, image_url) VALUES (53, 11, 103, ARRAY['WiFi', 'Balcony', 'Air Conditioning'], 2, false, true, '', '329', '/uploads/sample_room_4.jpg');
INSERT INTO rooms (room_id, hotel_id, price, amenities, capacity, sea_view, extendable, damages, room_number, image_url) VALUES (54, 11, 232, ARRAY['WiFi', 'Balcony', 'TV'], 4, false, false, '', '693', '/uploads/sample_room_1.jpg');
INSERT INTO rooms (room_id, hotel_id, price, amenities, capacity, sea_view, extendable, damages, room_number, image_url) VALUES (55, 11, 294, ARRAY['Safe', 'Balcony', 'WiFi'], 2, false, true, '', '538', '/uploads/sample_room_9.jpg');
INSERT INTO rooms (room_id, hotel_id, price, amenities, capacity, sea_view, extendable, damages, room_number, image_url) VALUES (56, 12, 227, ARRAY['Air Conditioning', 'WiFi', 'Safe'], 1, false, true, '', '888', '/uploads/sample_room_7.jpg');
INSERT INTO rooms (room_id, hotel_id, price, amenities, capacity, sea_view, extendable, damages, room_number, image_url) VALUES (57, 12, 139, ARRAY['Safe', 'Mini Bar', 'Balcony'], 1, true, false, '', '778', '/uploads/sample_room_8.jpg');
INSERT INTO rooms (room_id, hotel_id, price, amenities, capacity, sea_view, extendable, damages, room_number, image_url) VALUES (58, 12, 260, ARRAY['WiFi', 'Safe', 'TV'], 3, false, false, '', '529', '/uploads/sample_room_2.jpg');
INSERT INTO rooms (room_id, hotel_id, price, amenities, capacity, sea_view, extendable, damages, room_number, image_url) VALUES (59, 12, 264, ARRAY['Air Conditioning', 'TV', 'WiFi'], 3, true, true, '', '902', '/uploads/sample_room_3.jpg');
INSERT INTO rooms (room_id, hotel_id, price, amenities, capacity, sea_view, extendable, damages, room_number, image_url) VALUES (60, 12, 83, ARRAY['TV', 'Balcony', 'Mini Bar'], 2, false, true, '', '555', '/uploads/sample_room_6.jpg');
INSERT INTO rooms (room_id, hotel_id, price, amenities, capacity, sea_view, extendable, damages, room_number, image_url) VALUES (61, 13, 178, ARRAY['Air Conditioning', 'TV', 'Balcony'], 3, false, true, '', '455', '/uploads/sample_room_2.jpg');
INSERT INTO rooms (room_id, hotel_id, price, amenities, capacity, sea_view, extendable, damages, room_number, image_url) VALUES (62, 13, 97, ARRAY['WiFi', 'TV', 'Mini Bar'], 6, false, true, '', '364', '/uploads/sample_room_7.jpg');
INSERT INTO rooms (room_id, hotel_id, price, amenities, capacity, sea_view, extendable, damages, room_number, image_url) VALUES (63, 13, 117, ARRAY['Safe', 'Air Conditioning', 'Mini Bar'], 6, true, false, '', '692', '/uploads/sample_room_8.jpg');
INSERT INTO rooms (room_id, hotel_id, price, amenities, capacity, sea_view, extendable, damages, room_number, image_url) VALUES (64, 13, 261, ARRAY['Air Conditioning', 'Balcony', 'WiFi'], 3, true, false, '', '303', '/uploads/sample_room_8.jpg');
INSERT INTO rooms (room_id, hotel_id, price, amenities, capacity, sea_view, extendable, damages, room_number, image_url) VALUES (65, 13, 230, ARRAY['Balcony', 'Safe', 'WiFi'], 3, true, true, '', '336', '/uploads/sample_room_4.jpg');
INSERT INTO rooms (room_id, hotel_id, price, amenities, capacity, sea_view, extendable, damages, room_number, image_url) VALUES (66, 14, 265, ARRAY['Air Conditioning', 'Mini Bar', 'Safe'], 6, false, true, '', '855', '/uploads/sample_room_6.jpg');
INSERT INTO rooms (room_id, hotel_id, price, amenities, capacity, sea_view, extendable, damages, room_number, image_url) VALUES (67, 14, 218, ARRAY['WiFi', 'Air Conditioning', 'Balcony'], 1, true, false, '', '238', '/uploads/sample_room_2.jpg');
INSERT INTO rooms (room_id, hotel_id, price, amenities, capacity, sea_view, extendable, damages, room_number, image_url) VALUES (68, 14, 91, ARRAY['WiFi', 'Safe', 'Balcony'], 1, true, true, '', '359', '/uploads/sample_room_2.jpg');
INSERT INTO rooms (room_id, hotel_id, price, amenities, capacity, sea_view, extendable, damages, room_number, image_url) VALUES (69, 14, 116, ARRAY['WiFi', 'Balcony', 'Safe'], 1, false, false, '', '171', '/uploads/sample_room_6.jpg');
INSERT INTO rooms (room_id, hotel_id, price, amenities, capacity, sea_view, extendable, damages, room_number, image_url) VALUES (70, 14, 249, ARRAY['Safe', 'Air Conditioning', 'WiFi'], 4, true, true, '', '570', '/uploads/sample_room_9.jpg');
INSERT INTO rooms (room_id, hotel_id, price, amenities, capacity, sea_view, extendable, damages, room_number, image_url) VALUES (71, 15, 293, ARRAY['WiFi', 'Balcony', 'TV'], 4, true, true, '', '194', '/uploads/sample_room_6.jpg');
INSERT INTO rooms (room_id, hotel_id, price, amenities, capacity, sea_view, extendable, damages, room_number, image_url) VALUES (72, 15, 161, ARRAY['TV', 'WiFi', 'Mini Bar'], 2, false, true, '', '123', '/uploads/sample_room_3.jpg');
INSERT INTO rooms (room_id, hotel_id, price, amenities, capacity, sea_view, extendable, damages, room_number, image_url) VALUES (73, 15, 111, ARRAY['Mini Bar', 'Safe', 'Air Conditioning'], 2, false, true, '', '642', '/uploads/sample_room_1.jpg');
INSERT INTO rooms (room_id, hotel_id, price, amenities, capacity, sea_view, extendable, damages, room_number, image_url) VALUES (74, 15, 93, ARRAY['Air Conditioning', 'Balcony', 'Safe'], 1, true, false, '', '884', '/uploads/sample_room_8.jpg');
INSERT INTO rooms (room_id, hotel_id, price, amenities, capacity, sea_view, extendable, damages, room_number, image_url) VALUES (75, 15, 117, ARRAY['WiFi', 'Mini Bar', 'Safe'], 3, true, true, '', '221', '/uploads/sample_room_7.jpg');
INSERT INTO rooms (room_id, hotel_id, price, amenities, capacity, sea_view, extendable, damages, room_number, image_url) VALUES (76, 16, 156, ARRAY['Air Conditioning', 'Safe', 'Mini Bar'], 6, false, false, '', '730', '/uploads/sample_room_6.jpg');
INSERT INTO rooms (room_id, hotel_id, price, amenities, capacity, sea_view, extendable, damages, room_number, image_url) VALUES (77, 16, 256, ARRAY['Mini Bar', 'Air Conditioning', 'Balcony'], 1, true, false, '', '225', '/uploads/sample_room_1.jpg');
INSERT INTO rooms (room_id, hotel_id, price, amenities, capacity, sea_view, extendable, damages, room_number, image_url) VALUES (78, 16, 165, ARRAY['TV', 'WiFi', 'Safe'], 1, false, true, '', '312', '/uploads/sample_room_6.jpg');
INSERT INTO rooms (room_id, hotel_id, price, amenities, capacity, sea_view, extendable, damages, room_number, image_url) VALUES (79, 16, 202, ARRAY['Mini Bar', 'Air Conditioning', 'Safe'], 1, false, true, '', '340', '/uploads/sample_room_2.jpg');
INSERT INTO rooms (room_id, hotel_id, price, amenities, capacity, sea_view, extendable, damages, room_number, image_url) VALUES (80, 16, 85, ARRAY['Safe', 'Air Conditioning', 'Balcony'], 6, true, true, '', '546', '/uploads/sample_room_9.jpg');
INSERT INTO rooms (room_id, hotel_id, price, amenities, capacity, sea_view, extendable, damages, room_number, image_url) VALUES (81, 17, 284, ARRAY['Air Conditioning', 'WiFi', 'Safe'], 2, false, true, '', '305', '/uploads/sample_room_1.jpg');
INSERT INTO rooms (room_id, hotel_id, price, amenities, capacity, sea_view, extendable, damages, room_number, image_url) VALUES (82, 17, 217, ARRAY['WiFi', 'TV', 'Air Conditioning'], 2, true, true, '', '696', '/uploads/sample_room_5.jpg');
INSERT INTO rooms (room_id, hotel_id, price, amenities, capacity, sea_view, extendable, damages, room_number, image_url) VALUES (83, 17, 115, ARRAY['TV', 'Balcony', 'WiFi'], 3, true, false, '', '293', '/uploads/sample_room_7.jpg');
INSERT INTO rooms (room_id, hotel_id, price, amenities, capacity, sea_view, extendable, damages, room_number, image_url) VALUES (84, 17, 153, ARRAY['TV', 'Safe', 'Air Conditioning'], 1, true, false, '', '132', '/uploads/sample_room_6.jpg');
INSERT INTO rooms (room_id, hotel_id, price, amenities, capacity, sea_view, extendable, damages, room_number, image_url) VALUES (85, 17, 123, ARRAY['Balcony', 'Air Conditioning', 'Safe'], 2, true, true, '', '432', '/uploads/sample_room_7.jpg');
INSERT INTO rooms (room_id, hotel_id, price, amenities, capacity, sea_view, extendable, damages, room_number, image_url) VALUES (86, 18, 138, ARRAY['Safe', 'Air Conditioning', 'TV'], 6, false, true, '', '324', '/uploads/sample_room_4.jpg');
INSERT INTO rooms (room_id, hotel_id, price, amenities, capacity, sea_view, extendable, damages, room_number, image_url) VALUES (87, 18, 244, ARRAY['Safe', 'WiFi', 'TV'], 1, true, true, '', '734', '/uploads/sample_room_8.jpg');
INSERT INTO rooms (room_id, hotel_id, price, amenities, capacity, sea_view, extendable, damages, room_number, image_url) VALUES (88, 18, 90, ARRAY['WiFi', 'Air Conditioning', 'Safe'], 2, true, true, '', '856', '/uploads/sample_room_3.jpg');
INSERT INTO rooms (room_id, hotel_id, price, amenities, capacity, sea_view, extendable, damages, room_number, image_url) VALUES (89, 18, 268, ARRAY['WiFi', 'Balcony', 'TV'], 4, false, true, '', '305', '/uploads/sample_room_4.jpg');
INSERT INTO rooms (room_id, hotel_id, price, amenities, capacity, sea_view, extendable, damages, room_number, image_url) VALUES (90, 18, 146, ARRAY['Balcony', 'WiFi', 'TV'], 6, false, false, '', '893', '/uploads/sample_room_4.jpg');
INSERT INTO rooms (room_id, hotel_id, price, amenities, capacity, sea_view, extendable, damages, room_number, image_url) VALUES (91, 19, 171, ARRAY['WiFi', 'TV', 'Mini Bar'], 2, false, false, '', '674', '/uploads/sample_room_7.jpg');
INSERT INTO rooms (room_id, hotel_id, price, amenities, capacity, sea_view, extendable, damages, room_number, image_url) VALUES (92, 19, 211, ARRAY['WiFi', 'Mini Bar', 'Safe'], 2, false, true, '', '723', '/uploads/sample_room_10.jpg');
INSERT INTO rooms (room_id, hotel_id, price, amenities, capacity, sea_view, extendable, damages, room_number, image_url) VALUES (93, 19, 164, ARRAY['Mini Bar', 'Air Conditioning', 'TV'], 4, false, true, '', '258', '/uploads/sample_room_6.jpg');
INSERT INTO rooms (room_id, hotel_id, price, amenities, capacity, sea_view, extendable, damages, room_number, image_url) VALUES (94, 19, 147, ARRAY['Mini Bar', 'Balcony', 'TV'], 3, false, true, '', '936', '/uploads/sample_room_5.jpg');
INSERT INTO rooms (room_id, hotel_id, price, amenities, capacity, sea_view, extendable, damages, room_number, image_url) VALUES (95, 19, 231, ARRAY['Balcony', 'TV', 'Air Conditioning'], 6, true, true, '', '884', '/uploads/sample_room_9.jpg');
INSERT INTO rooms (room_id, hotel_id, price, amenities, capacity, sea_view, extendable, damages, room_number, image_url) VALUES (96, 20, 181, ARRAY['Mini Bar', 'Balcony', 'Air Conditioning'], 3, true, true, '', '123', '/uploads/sample_room_6.jpg');
INSERT INTO rooms (room_id, hotel_id, price, amenities, capacity, sea_view, extendable, damages, room_number, image_url) VALUES (97, 20, 146, ARRAY['WiFi', 'Air Conditioning', 'TV'], 6, false, true, '', '427', '/uploads/sample_room_7.jpg');
INSERT INTO rooms (room_id, hotel_id, price, amenities, capacity, sea_view, extendable, damages, room_number, image_url) VALUES (98, 20, 84, ARRAY['TV', 'WiFi', 'Balcony'], 2, false, false, '', '116', '/uploads/sample_room_5.jpg');
INSERT INTO rooms (room_id, hotel_id, price, amenities, capacity, sea_view, extendable, damages, room_number, image_url) VALUES (99, 20, 115, ARRAY['WiFi', 'Balcony', 'Air Conditioning'], 2, true, true, '', '260', '/uploads/sample_room_6.jpg');
INSERT INTO rooms (room_id, hotel_id, price, amenities, capacity, sea_view, extendable, damages, room_number, image_url) VALUES (100, 20, 170, ARRAY['Air Conditioning', 'TV', 'Safe'], 2, true, false, '', '925', '/uploads/sample_room_2.jpg');
INSERT INTO rooms (room_id, hotel_id, price, amenities, capacity, sea_view, extendable, damages, room_number, image_url) VALUES (101, 21, 213, ARRAY['TV', 'Mini Bar', 'Balcony'], 2, true, false, '', '739', '/uploads/sample_room_7.jpg');
INSERT INTO rooms (room_id, hotel_id, price, amenities, capacity, sea_view, extendable, damages, room_number, image_url) VALUES (102, 21, 86, ARRAY['Safe', 'Balcony', 'WiFi'], 4, false, false, '', '689', '/uploads/sample_room_7.jpg');
INSERT INTO rooms (room_id, hotel_id, price, amenities, capacity, sea_view, extendable, damages, room_number, image_url) VALUES (103, 21, 163, ARRAY['Mini Bar', 'Air Conditioning', 'WiFi'], 4, false, false, '', '653', '/uploads/sample_room_2.jpg');
INSERT INTO rooms (room_id, hotel_id, price, amenities, capacity, sea_view, extendable, damages, room_number, image_url) VALUES (104, 21, 293, ARRAY['TV', 'Safe', 'Balcony'], 1, true, false, '', '833', '/uploads/sample_room_6.jpg');
INSERT INTO rooms (room_id, hotel_id, price, amenities, capacity, sea_view, extendable, damages, room_number, image_url) VALUES (105, 21, 222, ARRAY['Air Conditioning', 'Safe', 'TV'], 3, true, false, '', '193', '/uploads/sample_room_3.jpg');
INSERT INTO rooms (room_id, hotel_id, price, amenities, capacity, sea_view, extendable, damages, room_number, image_url) VALUES (106, 22, 112, ARRAY['WiFi', 'Mini Bar', 'TV'], 4, false, false, '', '848', '/uploads/sample_room_4.jpg');
INSERT INTO rooms (room_id, hotel_id, price, amenities, capacity, sea_view, extendable, damages, room_number, image_url) VALUES (107, 22, 114, ARRAY['Mini Bar', 'Air Conditioning', 'Safe'], 6, false, false, '', '189', '/uploads/sample_room_5.jpg');
INSERT INTO rooms (room_id, hotel_id, price, amenities, capacity, sea_view, extendable, damages, room_number, image_url) VALUES (108, 22, 141, ARRAY['Balcony', 'Mini Bar', 'Air Conditioning'], 1, false, false, '', '837', '/uploads/sample_room_6.jpg');
INSERT INTO rooms (room_id, hotel_id, price, amenities, capacity, sea_view, extendable, damages, room_number, image_url) VALUES (109, 22, 182, ARRAY['TV', 'Air Conditioning', 'Safe'], 2, true, true, '', '564', '/uploads/sample_room_8.jpg');
INSERT INTO rooms (room_id, hotel_id, price, amenities, capacity, sea_view, extendable, damages, room_number, image_url) VALUES (110, 22, 237, ARRAY['Safe', 'Balcony', 'Mini Bar'], 6, false, false, '', '927', '/uploads/sample_room_4.jpg');
INSERT INTO rooms (room_id, hotel_id, price, amenities, capacity, sea_view, extendable, damages, room_number, image_url) VALUES (111, 23, 300, ARRAY['Air Conditioning', 'Mini Bar', 'Balcony'], 6, false, true, '', '103', '/uploads/sample_room_7.jpg');
INSERT INTO rooms (room_id, hotel_id, price, amenities, capacity, sea_view, extendable, damages, room_number, image_url) VALUES (112, 23, 270, ARRAY['Balcony', 'Mini Bar', 'WiFi'], 3, false, false, '', '458', '/uploads/sample_room_5.jpg');
INSERT INTO rooms (room_id, hotel_id, price, amenities, capacity, sea_view, extendable, damages, room_number, image_url) VALUES (113, 23, 257, ARRAY['TV', 'Safe', 'Mini Bar'], 6, false, true, '', '417', '/uploads/sample_room_3.jpg');
INSERT INTO rooms (room_id, hotel_id, price, amenities, capacity, sea_view, extendable, damages, room_number, image_url) VALUES (114, 23, 185, ARRAY['Safe', 'TV', 'Air Conditioning'], 4, true, true, '', '317', '/uploads/sample_room_10.jpg');
INSERT INTO rooms (room_id, hotel_id, price, amenities, capacity, sea_view, extendable, damages, room_number, image_url) VALUES (115, 23, 207, ARRAY['Balcony', 'Safe', 'Air Conditioning'], 2, false, true, '', '631', '/uploads/sample_room_5.jpg');
INSERT INTO rooms (room_id, hotel_id, price, amenities, capacity, sea_view, extendable, damages, room_number, image_url) VALUES (116, 24, 99, ARRAY['TV', 'Safe', 'WiFi'], 1, true, false, '', '809', '/uploads/sample_room_5.jpg');
INSERT INTO rooms (room_id, hotel_id, price, amenities, capacity, sea_view, extendable, damages, room_number, image_url) VALUES (117, 24, 213, ARRAY['Mini Bar', 'TV', 'Safe'], 3, false, true, '', '392', '/uploads/sample_room_2.jpg');
INSERT INTO rooms (room_id, hotel_id, price, amenities, capacity, sea_view, extendable, damages, room_number, image_url) VALUES (118, 24, 286, ARRAY['Mini Bar', 'WiFi', 'Air Conditioning'], 6, true, false, '', '586', '/uploads/sample_room_9.jpg');
INSERT INTO rooms (room_id, hotel_id, price, amenities, capacity, sea_view, extendable, damages, room_number, image_url) VALUES (119, 24, 125, ARRAY['Balcony', 'Air Conditioning', 'WiFi'], 6, true, true, '', '263', '/uploads/sample_room_4.jpg');
INSERT INTO rooms (room_id, hotel_id, price, amenities, capacity, sea_view, extendable, damages, room_number, image_url) VALUES (120, 24, 142, ARRAY['Air Conditioning', 'TV', 'Safe'], 6, false, true, '', '536', '/uploads/sample_room_3.jpg');
INSERT INTO rooms (room_id, hotel_id, price, amenities, capacity, sea_view, extendable, damages, room_number, image_url) VALUES (121, 25, 153, ARRAY['Mini Bar', 'Safe', 'Air Conditioning'], 1, true, false, '', '960', '/uploads/sample_room_8.jpg');
INSERT INTO rooms (room_id, hotel_id, price, amenities, capacity, sea_view, extendable, damages, room_number, image_url) VALUES (122, 25, 229, ARRAY['TV', 'Air Conditioning', 'Mini Bar'], 1, true, false, '', '238', '/uploads/sample_room_9.jpg');
INSERT INTO rooms (room_id, hotel_id, price, amenities, capacity, sea_view, extendable, damages, room_number, image_url) VALUES (123, 25, 189, ARRAY['WiFi', 'Safe', 'Air Conditioning'], 2, true, true, '', '253', '/uploads/sample_room_3.jpg');
INSERT INTO rooms (room_id, hotel_id, price, amenities, capacity, sea_view, extendable, damages, room_number, image_url) VALUES (124, 25, 113, ARRAY['Mini Bar', 'Safe', 'Air Conditioning'], 4, true, true, '', '208', '/uploads/sample_room_8.jpg');
INSERT INTO rooms (room_id, hotel_id, price, amenities, capacity, sea_view, extendable, damages, room_number, image_url) VALUES (125, 25, 87, ARRAY['TV', 'Mini Bar', 'Safe'], 3, true, false, '', '297', '/uploads/sample_room_6.jpg');
INSERT INTO rooms (room_id, hotel_id, price, amenities, capacity, sea_view, extendable, damages, room_number, image_url) VALUES (126, 26, 171, ARRAY['TV', 'Safe', 'WiFi'], 2, false, true, '', '706', '/uploads/sample_room_3.jpg');
INSERT INTO rooms (room_id, hotel_id, price, amenities, capacity, sea_view, extendable, damages, room_number, image_url) VALUES (127, 26, 174, ARRAY['Safe', 'TV', 'Mini Bar'], 1, true, false, '', '548', '/uploads/sample_room_3.jpg');
INSERT INTO rooms (room_id, hotel_id, price, amenities, capacity, sea_view, extendable, damages, room_number, image_url) VALUES (128, 26, 150, ARRAY['Air Conditioning', 'WiFi', 'Safe'], 6, false, false, '', '745', '/uploads/sample_room_6.jpg');
INSERT INTO rooms (room_id, hotel_id, price, amenities, capacity, sea_view, extendable, damages, room_number, image_url) VALUES (129, 26, 99, ARRAY['Balcony', 'TV', 'Air Conditioning'], 4, false, false, '', '871', '/uploads/sample_room_2.jpg');
INSERT INTO rooms (room_id, hotel_id, price, amenities, capacity, sea_view, extendable, damages, room_number, image_url) VALUES (130, 26, 275, ARRAY['TV', 'Air Conditioning', 'WiFi'], 6, true, false, '', '596', '/uploads/sample_room_5.jpg');
INSERT INTO rooms (room_id, hotel_id, price, amenities, capacity, sea_view, extendable, damages, room_number, image_url) VALUES (131, 27, 296, ARRAY['Mini Bar', 'Safe', 'TV'], 6, true, false, '', '331', '/uploads/sample_room_10.jpg');
INSERT INTO rooms (room_id, hotel_id, price, amenities, capacity, sea_view, extendable, damages, room_number, image_url) VALUES (132, 27, 134, ARRAY['Balcony', 'TV', 'Mini Bar'], 2, true, true, '', '510', '/uploads/sample_room_7.jpg');
INSERT INTO rooms (room_id, hotel_id, price, amenities, capacity, sea_view, extendable, damages, room_number, image_url) VALUES (133, 27, 128, ARRAY['Air Conditioning', 'WiFi', 'Mini Bar'], 2, false, false, '', '568', '/uploads/sample_room_7.jpg');
INSERT INTO rooms (room_id, hotel_id, price, amenities, capacity, sea_view, extendable, damages, room_number, image_url) VALUES (134, 27, 214, ARRAY['WiFi', 'Air Conditioning', 'Safe'], 2, true, false, '', '799', '/uploads/sample_room_10.jpg');
INSERT INTO rooms (room_id, hotel_id, price, amenities, capacity, sea_view, extendable, damages, room_number, image_url) VALUES (135, 27, 253, ARRAY['WiFi', 'Air Conditioning', 'Mini Bar'], 2, true, false, '', '483', '/uploads/sample_room_3.jpg');
INSERT INTO rooms (room_id, hotel_id, price, amenities, capacity, sea_view, extendable, damages, room_number, image_url) VALUES (136, 28, 199, ARRAY['Air Conditioning', 'Safe', 'TV'], 3, true, false, '', '645', '/uploads/sample_room_3.jpg');
INSERT INTO rooms (room_id, hotel_id, price, amenities, capacity, sea_view, extendable, damages, room_number, image_url) VALUES (137, 28, 165, ARRAY['Balcony', 'TV', 'WiFi'], 4, true, false, '', '227', '/uploads/sample_room_1.jpg');
INSERT INTO rooms (room_id, hotel_id, price, amenities, capacity, sea_view, extendable, damages, room_number, image_url) VALUES (138, 28, 253, ARRAY['TV', 'WiFi', 'Mini Bar'], 3, true, true, '', '442', '/uploads/sample_room_9.jpg');
INSERT INTO rooms (room_id, hotel_id, price, amenities, capacity, sea_view, extendable, damages, room_number, image_url) VALUES (139, 28, 159, ARRAY['Air Conditioning', 'WiFi', 'Safe'], 2, true, true, '', '914', '/uploads/sample_room_9.jpg');
INSERT INTO rooms (room_id, hotel_id, price, amenities, capacity, sea_view, extendable, damages, room_number, image_url) VALUES (140, 28, 126, ARRAY['Air Conditioning', 'Safe', 'Mini Bar'], 6, false, true, '', '368', '/uploads/sample_room_2.jpg');
INSERT INTO rooms (room_id, hotel_id, price, amenities, capacity, sea_view, extendable, damages, room_number, image_url) VALUES (141, 29, 196, ARRAY['Mini Bar', 'Balcony', 'TV'], 6, true, true, '', '659', '/uploads/sample_room_1.jpg');
INSERT INTO rooms (room_id, hotel_id, price, amenities, capacity, sea_view, extendable, damages, room_number, image_url) VALUES (142, 29, 283, ARRAY['Air Conditioning', 'WiFi', 'Safe'], 2, false, true, '', '544', '/uploads/sample_room_3.jpg');
INSERT INTO rooms (room_id, hotel_id, price, amenities, capacity, sea_view, extendable, damages, room_number, image_url) VALUES (143, 29, 289, ARRAY['TV', 'Mini Bar', 'Safe'], 4, false, false, '', '502', '/uploads/sample_room_6.jpg');
INSERT INTO rooms (room_id, hotel_id, price, amenities, capacity, sea_view, extendable, damages, room_number, image_url) VALUES (144, 29, 121, ARRAY['Air Conditioning', 'TV', 'Balcony'], 6, true, true, '', '600', '/uploads/sample_room_2.jpg');
INSERT INTO rooms (room_id, hotel_id, price, amenities, capacity, sea_view, extendable, damages, room_number, image_url) VALUES (145, 29, 154, ARRAY['Mini Bar', 'Balcony', 'TV'], 1, true, false, '', '902', '/uploads/sample_room_1.jpg');
INSERT INTO rooms (room_id, hotel_id, price, amenities, capacity, sea_view, extendable, damages, room_number, image_url) VALUES (146, 30, 84, ARRAY['Balcony', 'WiFi', 'Safe'], 2, true, true, '', '900', '/uploads/sample_room_5.jpg');
INSERT INTO rooms (room_id, hotel_id, price, amenities, capacity, sea_view, extendable, damages, room_number, image_url) VALUES (147, 30, 235, ARRAY['WiFi', 'Balcony', 'Safe'], 1, false, false, '', '132', '/uploads/sample_room_6.jpg');
INSERT INTO rooms (room_id, hotel_id, price, amenities, capacity, sea_view, extendable, damages, room_number, image_url) VALUES (148, 30, 297, ARRAY['Mini Bar', 'Balcony', 'Air Conditioning'], 3, false, false, '', '326', '/uploads/sample_room_10.jpg');
INSERT INTO rooms (room_id, hotel_id, price, amenities, capacity, sea_view, extendable, damages, room_number, image_url) VALUES (149, 30, 169, ARRAY['TV', 'WiFi', 'Safe'], 3, false, true, '', '728', '/uploads/sample_room_2.jpg');
INSERT INTO rooms (room_id, hotel_id, price, amenities, capacity, sea_view, extendable, damages, room_number, image_url) VALUES (150, 30, 240, ARRAY['Balcony', 'TV', 'WiFi'], 4, true, false, '', '266', '/uploads/sample_room_6.jpg');
INSERT INTO rooms (room_id, hotel_id, price, amenities, capacity, sea_view, extendable, damages, room_number, image_url) VALUES (151, 31, 141, ARRAY['Air Conditioning', 'TV', 'Mini Bar'], 1, false, false, '', '293', '/uploads/sample_room_4.jpg');
INSERT INTO rooms (room_id, hotel_id, price, amenities, capacity, sea_view, extendable, damages, room_number, image_url) VALUES (152, 31, 105, ARRAY['Balcony', 'Air Conditioning', 'Safe'], 3, false, false, '', '357', '/uploads/sample_room_9.jpg');
INSERT INTO rooms (room_id, hotel_id, price, amenities, capacity, sea_view, extendable, damages, room_number, image_url) VALUES (153, 31, 155, ARRAY['Safe', 'TV', 'Balcony'], 6, true, true, '', '800', '/uploads/sample_room_6.jpg');
INSERT INTO rooms (room_id, hotel_id, price, amenities, capacity, sea_view, extendable, damages, room_number, image_url) VALUES (154, 31, 106, ARRAY['Air Conditioning', 'TV', 'Safe'], 1, true, true, '', '238', '/uploads/sample_room_2.jpg');
INSERT INTO rooms (room_id, hotel_id, price, amenities, capacity, sea_view, extendable, damages, room_number, image_url) VALUES (155, 31, 261, ARRAY['WiFi', 'TV', 'Mini Bar'], 6, true, false, '', '489', '/uploads/sample_room_4.jpg');
INSERT INTO rooms (room_id, hotel_id, price, amenities, capacity, sea_view, extendable, damages, room_number, image_url) VALUES (156, 32, 197, ARRAY['TV', 'WiFi', 'Air Conditioning'], 6, false, false, '', '799', '/uploads/sample_room_4.jpg');
INSERT INTO rooms (room_id, hotel_id, price, amenities, capacity, sea_view, extendable, damages, room_number, image_url) VALUES (157, 32, 206, ARRAY['Air Conditioning', 'TV', 'Mini Bar'], 6, true, true, '', '191', '/uploads/sample_room_6.jpg');
INSERT INTO rooms (room_id, hotel_id, price, amenities, capacity, sea_view, extendable, damages, room_number, image_url) VALUES (158, 32, 89, ARRAY['Balcony', 'Air Conditioning', 'Safe'], 6, false, true, '', '608', '/uploads/sample_room_10.jpg');
INSERT INTO rooms (room_id, hotel_id, price, amenities, capacity, sea_view, extendable, damages, room_number, image_url) VALUES (159, 32, 292, ARRAY['TV', 'Air Conditioning', 'Balcony'], 4, true, true, '', '796', '/uploads/sample_room_10.jpg');
INSERT INTO rooms (room_id, hotel_id, price, amenities, capacity, sea_view, extendable, damages, room_number, image_url) VALUES (160, 32, 250, ARRAY['TV', 'Balcony', 'Mini Bar'], 6, false, false, '', '158', '/uploads/sample_room_1.jpg');
INSERT INTO rooms (room_id, hotel_id, price, amenities, capacity, sea_view, extendable, damages, room_number, image_url) VALUES (161, 33, 262, ARRAY['WiFi', 'Air Conditioning', 'Balcony'], 2, false, false, '', '946', '/uploads/sample_room_2.jpg');
INSERT INTO rooms (room_id, hotel_id, price, amenities, capacity, sea_view, extendable, damages, room_number, image_url) VALUES (162, 33, 279, ARRAY['Air Conditioning', 'WiFi', 'Mini Bar'], 1, true, false, '', '399', '/uploads/sample_room_1.jpg');
INSERT INTO rooms (room_id, hotel_id, price, amenities, capacity, sea_view, extendable, damages, room_number, image_url) VALUES (163, 33, 149, ARRAY['Air Conditioning', 'WiFi', 'Safe'], 3, false, true, '', '715', '/uploads/sample_room_10.jpg');
INSERT INTO rooms (room_id, hotel_id, price, amenities, capacity, sea_view, extendable, damages, room_number, image_url) VALUES (164, 33, 88, ARRAY['Mini Bar', 'Safe', 'WiFi'], 4, false, false, '', '101', '/uploads/sample_room_5.jpg');
INSERT INTO rooms (room_id, hotel_id, price, amenities, capacity, sea_view, extendable, damages, room_number, image_url) VALUES (165, 33, 245, ARRAY['TV', 'Air Conditioning', 'Mini Bar'], 3, false, true, '', '977', '/uploads/sample_room_9.jpg');
INSERT INTO rooms (room_id, hotel_id, price, amenities, capacity, sea_view, extendable, damages, room_number, image_url) VALUES (166, 34, 285, ARRAY['TV', 'WiFi', 'Balcony'], 1, false, true, '', '865', '/uploads/sample_room_3.jpg');
INSERT INTO rooms (room_id, hotel_id, price, amenities, capacity, sea_view, extendable, damages, room_number, image_url) VALUES (167, 34, 232, ARRAY['TV', 'Safe', 'Air Conditioning'], 3, true, false, '', '652', '/uploads/sample_room_1.jpg');
INSERT INTO rooms (room_id, hotel_id, price, amenities, capacity, sea_view, extendable, damages, room_number, image_url) VALUES (168, 34, 202, ARRAY['WiFi', 'Safe', 'Mini Bar'], 4, true, false, '', '342', '/uploads/sample_room_7.jpg');
INSERT INTO rooms (room_id, hotel_id, price, amenities, capacity, sea_view, extendable, damages, room_number, image_url) VALUES (169, 34, 246, ARRAY['Air Conditioning', 'WiFi', 'TV'], 1, true, true, '', '355', '/uploads/sample_room_7.jpg');
INSERT INTO rooms (room_id, hotel_id, price, amenities, capacity, sea_view, extendable, damages, room_number, image_url) VALUES (170, 34, 145, ARRAY['WiFi', 'Mini Bar', 'TV'], 4, true, true, '', '163', '/uploads/sample_room_7.jpg');
INSERT INTO rooms (room_id, hotel_id, price, amenities, capacity, sea_view, extendable, damages, room_number, image_url) VALUES (171, 35, 229, ARRAY['Balcony', 'TV', 'WiFi'], 2, false, false, '', '615', '/uploads/sample_room_3.jpg');
INSERT INTO rooms (room_id, hotel_id, price, amenities, capacity, sea_view, extendable, damages, room_number, image_url) VALUES (172, 35, 81, ARRAY['Air Conditioning', 'WiFi', 'Balcony'], 1, true, true, '', '381', '/uploads/sample_room_1.jpg');
INSERT INTO rooms (room_id, hotel_id, price, amenities, capacity, sea_view, extendable, damages, room_number, image_url) VALUES (173, 35, 241, ARRAY['TV', 'Safe', 'Mini Bar'], 3, true, false, '', '997', '/uploads/sample_room_10.jpg');
INSERT INTO rooms (room_id, hotel_id, price, amenities, capacity, sea_view, extendable, damages, room_number, image_url) VALUES (174, 35, 273, ARRAY['TV', 'WiFi', 'Balcony'], 1, false, false, '', '932', '/uploads/sample_room_3.jpg');
INSERT INTO rooms (room_id, hotel_id, price, amenities, capacity, sea_view, extendable, damages, room_number, image_url) VALUES (175, 35, 234, ARRAY['TV', 'Air Conditioning', 'Balcony'], 6, true, true, '', '551', '/uploads/sample_room_3.jpg');
INSERT INTO rooms (room_id, hotel_id, price, amenities, capacity, sea_view, extendable, damages, room_number, image_url) VALUES (176, 36, 183, ARRAY['WiFi', 'Mini Bar', 'TV'], 1, true, false, '', '214', '/uploads/sample_room_3.jpg');
INSERT INTO rooms (room_id, hotel_id, price, amenities, capacity, sea_view, extendable, damages, room_number, image_url) VALUES (177, 36, 299, ARRAY['Mini Bar', 'Air Conditioning', 'Safe'], 3, true, false, '', '925', '/uploads/sample_room_3.jpg');
INSERT INTO rooms (room_id, hotel_id, price, amenities, capacity, sea_view, extendable, damages, room_number, image_url) VALUES (178, 36, 300, ARRAY['WiFi', 'TV', 'Safe'], 6, true, true, '', '502', '/uploads/sample_room_8.jpg');
INSERT INTO rooms (room_id, hotel_id, price, amenities, capacity, sea_view, extendable, damages, room_number, image_url) VALUES (179, 36, 116, ARRAY['Air Conditioning', 'Safe', 'TV'], 2, true, true, '', '942', '/uploads/sample_room_3.jpg');
INSERT INTO rooms (room_id, hotel_id, price, amenities, capacity, sea_view, extendable, damages, room_number, image_url) VALUES (180, 36, 157, ARRAY['Balcony', 'Safe', 'TV'], 6, true, true, '', '121', '/uploads/sample_room_8.jpg');
INSERT INTO rooms (room_id, hotel_id, price, amenities, capacity, sea_view, extendable, damages, room_number, image_url) VALUES (181, 37, 147, ARRAY['WiFi', 'Mini Bar', 'TV'], 3, false, true, '', '341', '/uploads/sample_room_9.jpg');
INSERT INTO rooms (room_id, hotel_id, price, amenities, capacity, sea_view, extendable, damages, room_number, image_url) VALUES (182, 37, 230, ARRAY['Safe', 'Air Conditioning', 'Mini Bar'], 2, false, true, '', '683', '/uploads/sample_room_7.jpg');
INSERT INTO rooms (room_id, hotel_id, price, amenities, capacity, sea_view, extendable, damages, room_number, image_url) VALUES (183, 37, 185, ARRAY['Balcony', 'Air Conditioning', 'TV'], 6, true, true, '', '936', '/uploads/sample_room_7.jpg');
INSERT INTO rooms (room_id, hotel_id, price, amenities, capacity, sea_view, extendable, damages, room_number, image_url) VALUES (184, 37, 227, ARRAY['Air Conditioning', 'WiFi', 'Safe'], 6, true, true, '', '311', '/uploads/sample_room_8.jpg');
INSERT INTO rooms (room_id, hotel_id, price, amenities, capacity, sea_view, extendable, damages, room_number, image_url) VALUES (185, 37, 263, ARRAY['WiFi', 'TV', 'Balcony'], 1, true, false, '', '533', '/uploads/sample_room_8.jpg');
INSERT INTO rooms (room_id, hotel_id, price, amenities, capacity, sea_view, extendable, damages, room_number, image_url) VALUES (186, 38, 179, ARRAY['Mini Bar', 'Balcony', 'Air Conditioning'], 6, true, false, '', '746', '/uploads/sample_room_7.jpg');
INSERT INTO rooms (room_id, hotel_id, price, amenities, capacity, sea_view, extendable, damages, room_number, image_url) VALUES (187, 38, 243, ARRAY['Air Conditioning', 'TV', 'Balcony'], 1, false, false, '', '790', '/uploads/sample_room_5.jpg');
INSERT INTO rooms (room_id, hotel_id, price, amenities, capacity, sea_view, extendable, damages, room_number, image_url) VALUES (188, 38, 192, ARRAY['Safe', 'Balcony', 'WiFi'], 4, true, true, '', '950', '/uploads/sample_room_9.jpg');
INSERT INTO rooms (room_id, hotel_id, price, amenities, capacity, sea_view, extendable, damages, room_number, image_url) VALUES (189, 38, 276, ARRAY['WiFi', 'Mini Bar', 'TV'], 1, true, true, '', '748', '/uploads/sample_room_3.jpg');
INSERT INTO rooms (room_id, hotel_id, price, amenities, capacity, sea_view, extendable, damages, room_number, image_url) VALUES (190, 38, 88, ARRAY['Safe', 'TV', 'Balcony'], 2, false, true, '', '837', '/uploads/sample_room_7.jpg');
INSERT INTO rooms (room_id, hotel_id, price, amenities, capacity, sea_view, extendable, damages, room_number, image_url) VALUES (191, 39, 250, ARRAY['Balcony', 'Air Conditioning', 'Safe'], 1, true, true, '', '399', '/uploads/sample_room_8.jpg');
INSERT INTO rooms (room_id, hotel_id, price, amenities, capacity, sea_view, extendable, damages, room_number, image_url) VALUES (192, 39, 291, ARRAY['Balcony', 'TV', 'Air Conditioning'], 3, true, true, '', '842', '/uploads/sample_room_6.jpg');
INSERT INTO rooms (room_id, hotel_id, price, amenities, capacity, sea_view, extendable, damages, room_number, image_url) VALUES (193, 39, 100, ARRAY['TV', 'Safe', 'WiFi'], 2, true, true, '', '640', '/uploads/sample_room_1.jpg');
INSERT INTO rooms (room_id, hotel_id, price, amenities, capacity, sea_view, extendable, damages, room_number, image_url) VALUES (194, 39, 113, ARRAY['Mini Bar', 'WiFi', 'Safe'], 3, true, false, '', '821', '/uploads/sample_room_6.jpg');
INSERT INTO rooms (room_id, hotel_id, price, amenities, capacity, sea_view, extendable, damages, room_number, image_url) VALUES (195, 39, 261, ARRAY['Air Conditioning', 'Safe', 'WiFi'], 4, false, false, '', '866', '/uploads/sample_room_6.jpg');
INSERT INTO rooms (room_id, hotel_id, price, amenities, capacity, sea_view, extendable, damages, room_number, image_url) VALUES (196, 40, 119, ARRAY['WiFi', 'Mini Bar', 'Safe'], 1, false, true, '', '529', '/uploads/sample_room_6.jpg');
INSERT INTO rooms (room_id, hotel_id, price, amenities, capacity, sea_view, extendable, damages, room_number, image_url) VALUES (197, 40, 261, ARRAY['Balcony', 'Air Conditioning', 'TV'], 1, false, false, '', '389', '/uploads/sample_room_9.jpg');
INSERT INTO rooms (room_id, hotel_id, price, amenities, capacity, sea_view, extendable, damages, room_number, image_url) VALUES (198, 40, 182, ARRAY['Air Conditioning', 'Safe', 'Mini Bar'], 2, true, false, '', '814', '/uploads/sample_room_5.jpg');
INSERT INTO rooms (room_id, hotel_id, price, amenities, capacity, sea_view, extendable, damages, room_number, image_url) VALUES (199, 40, 111, ARRAY['Safe', 'Air Conditioning', 'Balcony'], 1, false, false, '', '286', '/uploads/sample_room_8.jpg');
INSERT INTO rooms (room_id, hotel_id, price, amenities, capacity, sea_view, extendable, damages, room_number, image_url) VALUES (200, 40, 158, ARRAY['TV', 'Balcony', 'Safe'], 6, true, true, '', '282', '/uploads/sample_room_10.jpg');